{"cameraMode":{"drawMode":0,"name":"Shaded","section":"Shading Mode"},"sceneLighting":false,"audioPlay":false,"sceneViewState":{"m_AlwaysRefresh":false,"showFog":true,"showSkybox":false,"showFlares":true,"showImageEffects":true,"showParticleSystems":true,"showVisualEffectGraphs":true,"m_FxEnabled":true},"in2DMode":false,"pivot":{"x":0.013608157634735108,"y":0.65522301197052,"z":0.5474967956542969},"rotation":{"x":0.05646941065788269,"y":0.9410101771354675,"z":-0.17561353743076325,"w":0.2857320308685303},"size":1.773785948753357,"orthographic":false}