{"cameraMode":{"drawMode":0,"name":"Shaded","section":"Shading Mode"},"sceneLighting":false,"audioPlay":false,"sceneViewState":{"m_AlwaysRefresh":false,"showFog":true,"showSkybox":false,"showFlares":true,"showImageEffects":true,"showParticleSystems":true,"showVisualEffectGraphs":true,"m_FxEnabled":true},"in2DMode":false,"pivot":{"x":-1.969834327697754,"y":2.120296001434326,"z":1.1422529220581055},"rotation":{"x":0.15199805796146394,"y":0.8393993377685547,"z":-0.2841547429561615,"w":0.43901386857032778},"size":0.000017320508050033823,"orthographic":false}