{"cameraMode":{"drawMode":0,"name":"Shaded","section":"Shading Mode"},"sceneLighting":false,"audioPlay":false,"sceneViewState":{"m_AlwaysRefresh":false,"showFog":true,"showSkybox":false,"showFlares":true,"showImageEffects":true,"showParticleSystems":true,"showVisualEffectGraphs":true,"m_FxEnabled":true},"in2DMode":false,"pivot":{"x":0.11927857995033264,"y":-0.11718735098838806,"z":0.17077890038490296},"rotation":{"x":0.24570679664611817,"y":0.5770710110664368,"z":-0.18335813283920289,"w":0.7577395439147949},"size":0.6888017654418945,"orthographic":false}