{"cameraMode":{"drawMode":0,"name":"Shaded","section":"Shading Mode"},"sceneLighting":false,"audioPlay":false,"sceneViewState":{"m_AlwaysRefresh":false,"showFog":true,"showSkybox":false,"showFlares":true,"showImageEffects":true,"showParticleSystems":true,"showVisualEffectGraphs":true,"m_FxEnabled":true},"in2DMode":false,"pivot":{"x":-6.024529933929443,"y":2.795978546142578,"z":6.244450569152832},"rotation":{"x":0.05916718766093254,"y":0.9316503405570984,"z":-0.16220249235630036,"w":0.32154250144958498},"size":0.000017320509869023226,"orthographic":false}