{"cameraMode":{"drawMode":0,"name":"Shaded","section":"Shading Mode"},"sceneLighting":false,"audioPlay":false,"sceneViewState":{"m_AlwaysRefresh":false,"showFog":true,"showSkybox":false,"showFlares":true,"showImageEffects":true,"showParticleSystems":true,"showVisualEffectGraphs":true,"m_FxEnabled":true},"in2DMode":false,"pivot":{"x":-0.0070021748542785648,"y":-0.02652609348297119,"z":0.09049203991889954},"rotation":{"x":0.24570679664611817,"y":0.5770710110664368,"z":-0.18335813283920289,"w":0.7577395439147949},"size":0.3172885775566101,"orthographic":false}