{"cameraMode":{"drawMode":0,"name":"Shaded","section":"Shading Mode"},"sceneLighting":false,"audioPlay":false,"sceneViewState":{"m_AlwaysRefresh":false,"showFog":true,"showSkybox":false,"showFlares":true,"showImageEffects":true,"showParticleSystems":true,"showVisualEffectGraphs":true,"m_FxEnabled":true},"in2DMode":false,"pivot":{"x":-0.0014188289642333985,"y":2.362624406814575,"z":-0.05438399314880371},"rotation":{"x":0.05646941065788269,"y":0.9410101771354675,"z":-0.17561353743076325,"w":0.2857320308685303},"size":3.9988772869110109,"orthographic":false}