{"cameraMode":{"drawMode":0,"name":"Shaded","section":"Shading Mode"},"sceneLighting":false,"audioPlay":false,"sceneViewState":{"m_AlwaysRefresh":false,"showFog":true,"showSkybox":false,"showFlares":true,"showImageEffects":true,"showParticleSystems":true,"showVisualEffectGraphs":true,"m_FxEnabled":true},"in2DMode":false,"pivot":{"x":3.3500003814697267,"y":-0.026165008544921876,"z":4.021598815917969},"rotation":{"x":0.3044472932815552,"y":-0.13156650960445405,"z":0.04661746323108673,"w":0.9427958130836487},"size":39.03668975830078,"orthographic":false}