{"cameraMode":{"drawMode":0,"name":"Shaded","section":"Shading Mode"},"sceneLighting":false,"audioPlay":false,"sceneViewState":{"m_AlwaysRefresh":false,"showFog":true,"showSkybox":false,"showFlares":true,"showImageEffects":true,"showParticleSystems":true,"showVisualEffectGraphs":true,"m_FxEnabled":true},"in2DMode":false,"pivot":{"x":-3.2325029373168947,"y":0.0064620464108884338,"z":-1.3245235681533814},"rotation":{"x":0.0024968059733510019,"y":0.5566399097442627,"z":0.002111621666699648,"w":0.8314513564109802},"size":0.000017320509869023226,"orthographic":false}