{"cameraMode":{"drawMode":0,"name":"Shaded","section":"Shading Mode"},"sceneLighting":false,"audioPlay":false,"sceneViewState":{"m_AlwaysRefresh":false,"showFog":true,"showSkybox":false,"showFlares":true,"showImageEffects":true,"showParticleSystems":true,"showVisualEffectGraphs":true,"m_FxEnabled":true},"in2DMode":false,"pivot":{"x":-2.8051376342773439,"y":0.3004884719848633,"z":-57.337440490722659},"rotation":{"x":0.05719885975122452,"y":0.21616104245185853,"z":-0.009503919631242752,"w":0.975234866142273},"size":85.23334503173828,"orthographic":false}