{"cameraMode":{"drawMode":0,"name":"Shaded","section":"Shading Mode"},"sceneLighting":false,"audioPlay":false,"sceneViewState":{"m_AlwaysRefresh":false,"showFog":true,"showSkybox":false,"showFlares":true,"showImageEffects":true,"showParticleSystems":true,"showVisualEffectGraphs":true,"m_FxEnabled":true},"in2DMode":false,"pivot":{"x":0.007822215557098389,"y":-0.052059486508369449,"z":0.10207855701446533},"rotation":{"x":0.24570679664611817,"y":0.5770710110664368,"z":-0.18335813283920289,"w":0.7577395439147949},"size":0.3305373191833496,"orthographic":false}