{"cameraMode":{"drawMode":0,"name":"Shaded","section":"Shading Mode"},"sceneLighting":false,"audioPlay":false,"sceneViewState":{"m_AlwaysRefresh":false,"showFog":true,"showSkybox":false,"showFlares":true,"showImageEffects":true,"showParticleSystems":true,"showVisualEffectGraphs":true,"m_FxEnabled":true},"in2DMode":false,"pivot":{"x":-3.02898907661438,"y":2.5317516326904299,"z":-1.467908501625061},"rotation":{"x":0.26793888211250307,"y":0.5075733661651611,"z":-0.16589809954166413,"w":0.8026384115219116},"size":0.000017320508050033823,"orthographic":false}